Id,Keyword
1,digital marketing agency india
2,seo agency india
3,seo company india
4,web development company india
5,website development company india
6,shopify agency india
7,webflow agency india
8,wordpress agency india
9,branding agency india
10,creative agency india
11,digital marketing agency delhi
12,digital marketing agency noida
13,digital marketing agency gurgaon
14,digital marketing agency bangalore
15,digital marketing agency mumbai
16,digital marketing agency pune
17,digital marketing agency hyderabad
18,digital marketing agency chennai
19,digital marketing agency kolkata
20,digital marketing agency ahmedabad
21,seo company delhi
22,seo company noida
23,seo company gurgaon
24,seo company bangalore
25,seo company mumbai
26,seo company pune
27,seo company hyderabad
28,seo company chennai
29,seo company kolkata
30,seo company ahmedabad
31,web development company delhi
32,web development company noida
33,web development company gurgaon
34,web development company bangalore
35,web development company mumbai
36,web development company pune
37,web development company hyderabad
38,web development company chennai
39,web development company kolkata
40,web development company ahmedabad
41,shopify agency delhi
42,shopify agency noida
43,shopify agency gurgaon
44,shopify agency bangalore
45,shopify agency mumbai
46,webflow agency delhi
47,webflow agency noida
48,webflow agency gurgaon
49,webflow agency bangalore
50,webflow agency mumbai
51,saas startup india
52,b2b saas india
53,crm software company india
54,hr software company india
55,marketing software company india
56,sales software company india
57,customer support software company india
58,ai startup india
59,software company india
60,product company india
61,business coach india
62,startup coach india
63,sales coach india
64,leadership coach india
65,career coach india
66,marketing coach india
67,linkedin coach india
68,business consultant india
69,marketing consultant india
70,seo consultant india
71,growth consultant india
72,branding consultant india
73,startup consultant india
74,sales consultant india
75,marketing agency testimonials
76,seo agency testimonials
77,web development testimonials
78,shopify agency testimonials
79,webflow agency testimonials
80,marketing agency case studies
81,seo agency case studies
82,web development case studies
83,customer success stories
84,customer testimonials
85,client testimonials
86,success stories
87,real estate consultant india
88,recruitment agency india
89,staffing agency india
90,training institute india
91,corporate trainer india
92,mobile app development company india
93,software development company india
94,ui ux agency india
95,product design agency india
96,digital transformation company india
97,best digital marketing agency india
98,top seo company india
99,best web development company india
100,top shopify agency india
101,best branding agency india
102,agency portfolio
103,agency client reviews
104,agency success stories
105,agency customer testimonials
106,agency case study